n,cos,sin
0,1,0
1,0.995004,0.0998334
2,0.980067,0.198668
3,0.955337,0.295517
4,0.921063,0.389413
5,0.877586,0.479416
6,0.825343,0.564629
7,0.764854,0.6442
8,0.696725,0.717335
9,0.621636,0.783302
10,0.540337,0.841443
11,0.453642,0.891178
12,0.362416,0.932009
13,0.267571,0.96353
14,0.170055,0.985425
15,0.0708405,0.997477
16,-0.02908,0.999565
17,-0.128709,0.991669
18,-0.227051,0.973867
19,-0.323123,0.946339
20,-0.415967,0.909359
21,-0.504655,0.863297
22,-0.588302,0.808613
23,-0.666072,0.745854
24,-0.737188,0.675647
25,-0.800941,0.598693
26,-0.856695,0.515761
27,-0.903891,0.42768
28,-0.942061,0.335329
29,-0.970822,0.239631
30,-0.989889,0.141542
31,-0.99907,0.0420402
32,-0.998274,-0.0578795
33,-0.98751,-0.15722
34,-0.966886,-0.254988
35,-0.936608,-0.350209
36,-0.896979,-0.441931
37,-0.848394,-0.52924
38,-0.791339,-0.611263
39,-0.726385,-0.687181
40,-0.654179,-0.756237
41,-0.575443,-0.817742
42,-0.490964,-0.871081
43,-0.401585,-0.915724
44,-0.308198,-0.951223
45,-0.211736,-0.977226
46,-0.113162,-0.993473
47,-0.0134608,-0.999802
48,0.0863732,-0.99615
49,0.185343,-0.982555
50,0.282461,-0.959152
51,0.376757,-0.926175
52,0.467291,-0.883954
53,0.553159,-0.832911
54,0.633504,-0.773555
55,0.707524,-0.70648
56,0.774481,-0.632355
57,0.833706,-0.55192
58,0.88461,-0.465979
59,0.926684,-0.375388
60,0.959508,-0.281053
61,0.982757,-0.183916
62,0.996197,-0.0849448
63,0.999695,0.0148716
64,0.993217,0.114537
65,0.976827,0.213058
66,0.950691,0.30945
67,0.915068,0.402752
68,0.870316,0.492034
69,0.81688,0.576403
70,0.755294,0.655019
71,0.686174,0.727097
72,0.610209,0.791919
73,0.528157,0.848838
74,0.440838,0.897287
75,0.349122,0.936782
76,0.253926,0.96693
77,0.156199,0.987431
78,0.0569161,0.998079
79,-0.0429322,0.998771
80,-0.14235,0.989498
81,-0.240345,0.970355
82,-0.335939,0.941532
83,-0.42818,0.903318
84,-0.516148,0.856094
85,-0.598964,0.800332
86,-0.675804,0.736588
87,-0.7459,0.665498
88,-0.808555,0.587772
89,-0.863144,0.504186
90,-0.909121,0.415573
91,-0.94603,0.322818
92,-0.973503,0.226846
93,-0.991265,0.128614
94,-0.999141,0.0291018
95,-0.997052,-0.0706975
96,-0.98502,-0.169789
97,-0.963164,-0.267184
98,-0.931704,-0.361912
99,-0.890954,-0.453028
100,-0.841321,-0.539624
101,-0.783299,-0.620836
102,-0.717468,-0.695855
103,-0.644485,-0.763933
104,-0.565078,-0.824391
105,-0.480038,-0.876628
106,-0.390215,-0.920122
107,-0.296504,-0.95444
108,-0.19984,-0.979241
109,-0.101186,-0.994278
110,-0.00152639,-0.999402
111,0.0981453,-0.994561
112,0.196835,-0.979805
113,0.29356,-0.955282
114,0.387354,-0.921235
115,0.477285,-0.878006
116,0.562454,-0.826025
117,0.642013,-0.765812
118,0.71517,-0.697967
119,0.781195,-0.623166
120,0.839432,-0.542156
121,0.889298,-0.455745
122,0.930299,-0.364794
123,0.962026,-0.27021
124,0.984162,-0.172936
125,0.996489,-0.0739412
126,0.998883,0.0257869
127,0.991322,0.125254
128,0.973881,0.22347
129,0.946734,0.319455
130,0.910153,0.412253
131,0.864503,0.500939
132,0.810239,0.58463
133,0.747903,0.662491
134,0.678115,0.733748
135,0.601573,0.79769
136,0.519039,0.853681
137,0.431336,0.901163
138,0.339338,0.939664
139,0.243962,0.9688
140,0.146159,0.988282
141,0.0469034,0.997916
142,-0.0528159,0.997607
143,-0.152005,0.987357
144,-0.249676,0.967271
145,-0.344856,0.937549
146,-0.436596,0.898487
147,-0.523983,0.850475
148,-0.606146,0.793992
149,-0.682268,0.729601
150,-0.751589,0.657944
151,-0.813421,0.579736
152,-0.867147,0.495756
153,-0.912233,0.40684
154,-0.948229,0.313875
155,-0.974779,0.217788
156,-0.991618,0.119535
157,-0.998579,0.0200958
158,-0.995594,-0.0795398
159,-0.982692,-0.178379
160,-0.960002,-0.275437
161,-0.927752,-0.369749
162,-0.886264,-0.460373
163,-0.83595,-0.546409
164,-0.777313,-0.626999
165,-0.710936,-0.701341
166,-0.637483,-0.768695
167,-0.557684,-0.828392
168,-0.472335,-0.879836
169,-0.382285,-0.922516
170,-0.288433,-0.956007
171,-0.191713,-0.979978
172,-0.0930877,-0.994189
173,0.00646002,-0.998499
174,0.105939,-0.992867
175,0.204359,-0.977349
176,0.300739,-0.9521
177,0.394121,-0.917372
178,0.483575,-0.873513
179,0.568209,-0.820958
180,0.647183,-0.760231
181,0.71971,-0.691939
182,0.785068,-0.616761
183,0.842607,-0.535446
184,0.891756,-0.448805
185,0.932024,-0.357699
186,0.963012,-0.263037
187,0.984412,-0.165761
188,0.996012,-0.0668392
189,0.997696,0.0327432
190,0.989449,0.131995
191,0.971353,0.229928
192,0.94359,0.325568
193,0.906436,0.417962
194,0.860261,0.506193
195,0.805526,0.58938
196,0.742777,0.666697
197,0.672638,0.737375
198,0.595808,0.800711
199,0.513051,0.856075
200,0.425193,0.902916
201,0.333108,0.940769
202,0.237712,0.969257
203,0.139956,0.988099
204,0.0408113,0.997106
205,-0.0587342,0.996191
206,-0.15769,0.985363
207,-0.255072,0.964729
208,-0.349911,0.934498
209,-0.441263,0.894969
210,-0.52822,0.846537
211,-0.609916,0.789684
212,-0.68554,0.724978
213,-0.754339,0.653061
214,-0.815629,0.57465
215,-0.868801,0.490527
216,-0.913326,0.401527
217,-0.948763,0.308537
218,-0.974758,0.212483
219,-0.991055,0.11432
220,-0.997492,0.0150246
221,-0.994006,-0.0844146
222,-0.980631,-0.183009
223,-0.957502,-0.279777
224,-0.92485,-0.373757
225,-0.882999,-0.464014
226,-0.832368,-0.549651
227,-0.77346,-0.629815
228,-0.706862,-0.703711
229,-0.633236,-0.770603
230,-0.553317,-0.829827
231,-0.467899,-0.880794
232,-0.377831,-0.922998
233,-0.284011,-0.956019
234,-0.187372,-0.979531
235,-0.0888743,-0.9933
236,0.0105014,-0.997189
237,0.109767,-0.991161
238,0.207935,-0.975277
239,0.30403,-0.949695
240,0.397097,-0.914671
241,0.486209,-0.870553
242,0.570481,-0.817781
243,0.649075,-0.75688
244,0.721211,-0.688456
245,0.786171,-0.613192
246,0.843311,-0.531834
247,0.892062,-0.445193
248,0.931941,-0.354131
249,0.962552,-0.259554
250,0.983591,-0.162401
251,0.99485,-0.0636397
252,0.996217,0.0357485
253,0.98768,0.134775
254,0.969325,0.232456
255,0.941334,0.32782
256,0.903987,0.41992
257,0.857656,0.50784
258,0.802802,0.590705
259,0.739971,0.667694
260,0.669789,0.738041
261,0.592953,0.801048
262,0.510228,0.856088
263,0.422436,0.902616
264,0.330451,0.940169
265,0.235187,0.968375
266,0.137592,0.986955
267,0.0386353,0.995724
268,-0.0606992,0.994596
269,-0.159424,0.983584
270,-0.256558,0.962797
271,-0.351137,0.932443
272,-0.44222,0.892824
273,-0.528902,0.844335
274,-0.610323,0.787459
275,-0.685673,0.722761
276,-0.754205,0.650885
277,-0.815238,0.572546
278,-0.868167,0.488523
279,-0.912465,0.399651
280,-0.947694,0.306814
281,-0.973504,0.210934
282,-0.98964,0.112965
283,-0.995942,0.0138794
284,-0.992348,-0.0853372
285,-0.978895,-0.183699
286,-0.955717,-0.28023
287,-0.923046,-0.37397
288,-0.881207,-0.463988
289,-0.830616,-0.549391
290,-0.771777,-0.629331
291,-0.705275,-0.703013
292,-0.631772,-0.769706
293,-0.551997,-0.828749
294,-0.466745,-0.879555
295,-0.376862,-0.921621
296,-0.283242,-0.954529
297,-0.186814,-0.977954
298,-0.0885381,-0.991663
299,0.0106108,-0.995522
300,0.109647,-0.989492
301,0.207588,-0.973635
302,0.30346,-0.948109
303,0.396312,-0.913168
304,0.485221,-0.869161
305,0.569304,-0.816524
306,0.647729,-0.755783
307,0.719714,-0.68754
308,0.784548,-0.612473
309,0.841586,-0.53133
310,0.890262,-0.444917
311,0.930095,-0.354091
312,0.960688,-0.259756
313,0.98174,-0.162848
314,0.993043,-0.0643306
315,0.994484,0.0348189
316,0.98605,0.133615
317,0.967827,0.231078
318,0.939996,0.326239
319,0.902833,0.418155
320,0.85671,0.505911
321,0.802085,0.588639
322,0.7395,0.665516
323,0.669579,0.735781
324,0.593015,0.798736
325,0.51057,0.853757
326,0.423062,0.900298
327,0.331361,0.937899
328,0.236378,0.966186
329,0.139055,0.98488
330,0.0403593,0.993797
331,-0.0587295,0.992848
332,-0.157228,0.982044
333,-0.254158,0.961493
334,-0.348559,0.931401
335,-0.439492,0.892066
336,-0.526057,0.84388
337,-0.607393,0.787322
338,-0.682695,0.722955
339,-0.751216,0.651417
340,-0.812276,0.57342
341,-0.865271,0.489738
342,-0.909674,0.401203
343,-0.945046,0.308692
344,-0.971037,0.213126
345,-0.98739,0.115452
346,-0.993943,0.0166407
347,-0.990633,-0.0823285
348,-0.977493,-0.180473
349,-0.954655,-0.276819
350,-0.922347,-0.37041
351,-0.880889,-0.460319
352,-0.830694,-0.545653
353,-0.772261,-0.625567
354,-0.70617,-0.699267
355,-0.633079,-0.766024
356,-0.553712,-0.825176
357,-0.468858,-0.876136
358,-0.37936,-0.9184
359,-0.286106,-0.951549
360,-0.19002,-0.975256
361,-0.0920578,-0.989286
362,0.00681004,-0.993501
363,0.105602,-0.98786
364,0.203339,-0.97242
365,0.29905,-0.947336
366,0.391787,-0.912857
367,0.480631,-0.869326
368,0.5647,-0.817176
369,0.64316,-0.756924
370,0.715235,-0.689171
371,0.78021,-0.614587
372,0.837441,-0.533914
373,0.886362,-0.447952
374,0.926488,-0.357555
375,0.957422,-0.26362
376,0.978859,-0.167078
377,0.990586,-0.0688872
378,0.992488,0.0299784
379,0.984549,0.128538
380,0.966846,0.225815
381,0.939557,0.320844
382,0.902954,0.412684
383,0.857401,0.500424
384,0.803349,0.583194
385,0.741337,0.660174
386,0.671979,0.730602
387,0.595965,0.793779
388,0.514048,0.849081
389,0.427041,0.895959
390,0.335808,0.933951
391,0.241254,0.962679
392,0.144316,0.981861
393,0.0459562,0.991307
394,-0.0528508,0.990925
395,-0.151125,0.980719
396,-0.247893,0.960791
397,-0.342194,0.931341
398,-0.433095,0.892661
399,-0.519695,0.845136
400,-0.601136,0.789238
401,-0.67661,0.725521
402,-0.745371,0.654618
403,-0.806738,0.577234
404,-0.860103,0.494134
405,-0.904939,0.406145
406,-0.940801,0.314138
407,-0.967335,0.219026
408,-0.984279,0.121751
409,-0.991468,0.0232793
410,-0.988829,-0.0754146
411,-0.976391,-0.173352
412,-0.954278,-0.269563
413,-0.922709,-0.363093
414,-0.882,-0.453017
415,-0.832555,-0.538443
416,-0.774863,-0.618525
417,-0.709499,-0.692471
418,-0.63711,-0.759549
419,-0.558415,-0.819094
420,-0.474195,-0.870517
421,-0.385283,-0.91331
422,-0.292563,-0.94705
423,-0.196952,-0.971403
424,-0.0993987,-0.98613
425,-0.000869982,-0.991085
426,0.0976581,-0.98622
427,0.195209,-0.971585
428,0.290817,-0.947325
429,0.383535,-0.913684
430,0.472445,-0.870993
431,0.556666,-0.819678
432,0.635364,-0.760249
433,0.707761,-0.693293
434,0.77314,-0.619477
435,0.830854,-0.539531
436,0.880333,-0.454249
437,0.921087,-0.364475
438,0.952713,-0.2711
439,0.9749,-0.175049
440,0.987429,-0.0772728
441,0.990176,0.0212588
442,0.983117,0.11957
443,0.966321,0.216688
444,0.939956,0.31165
445,0.904285,0.403516
446,0.859662,0.491378
447,0.806529,0.574364
448,0.745415,0.651654
449,0.676925,0.722483
450,0.601739,0.786151
451,0.520601,0.842027
452,0.434316,0.88956
453,0.343739,0.928279
454,0.249767,0.957803
455,0.153331,0.97784
456,0.0553874,0.988193
457,-0.0430952,0.988761
458,-0.141141,0.979539
459,-0.23778,0.960619
460,-0.332055,0.93219
461,-0.423032,0.894535
462,-0.509813,0.848027
463,-0.591537,0.793129
464,-0.667397,0.730384
465,-0.736642,0.660415
466,-0.798587,0.583916
467,-0.852621,0.501644
468,-0.898209,0.414414
469,-0.934901,0.323091
470,-0.962335,0.228579
471,-0.98024,0.131815
472,-0.98844,0.0337554
473,-0.986856,-0.0646279
474,-0.975505,-0.162361
475,-0.954499,-0.258478
476,-0.924048,-0.352026
477,-0.884454,-0.44208
478,-0.836111,-0.527749
479,-0.779499,-0.608186
480,-0.715177,-0.682596
481,-0.643785,-0.750243
482,-0.566028,-0.810457
483,-0.482679,-0.862645
484,-0.394562,-0.906291
485,-0.302549,-0.940964
486,-0.207553,-0.966321
487,-0.110512,-0.982114
488,-0.0123889,-0.988186
489,0.0858468,-0.98448
490,0.183223,-0.971034
491,0.278775,-0.94798
492,0.371559,-0.915549
493,0.460656,-0.874064
494,0.545187,-0.823934
495,0.624314,-0.765658
496,0.697256,-0.699814
497,0.763291,-0.627052
498,0.821769,-0.548096
499,0.87211,-0.463725
500,0.913817,-0.374776
501,0.946481,-0.282129
502,0.969777,-0.186702
503,0.983478,-0.0894374
504,0.987449,0.00870077
505,0.981652,0.106742
506,0.966145,0.203717
507,0.941083,0.298666
508,0.906715,0.39065
509,0.863383,0.47876
510,0.811516,0.562125
511,0.751629,0.639921
512,0.684314,0.71138
513,0.610238,0.775794
514,0.530136,0.832529
515,0.444799,0.881024
516,0.355073,0.9208
517,0.261846,0.951466
518,0.16604,0.972718
519,0.068602,0.984349
520,-0.029503,0.986245
521,-0.127305,0.978388
522,-0.223837,0.960857
523,-0.318145,0.933826
524,-0.409297,0.897565
525,-0.496391,0.852433
526,-0.578566,0.798878
527,-0.655012,0.737429
528,-0.724973,0.668697
529,-0.787758,0.593361
530,-0.842747,0.512167
531,-0.889398,0.425919
532,-0.92725,0.335469
533,-0.955931,0.241714
534,-0.975159,0.14558
535,-0.984743,0.0480176
536,-0.984592,-0.050008
537,-0.974707,-0.147528
538,-0.955188,-0.243578
539,-0.92623,-0.337209
540,-0.888119,-0.427496
541,-0.841233,-0.513547
542,-0.786038,-0.594511
543,-0.72308,-0.66959
544,-0.652982,-0.738041
545,-0.576438,-0.79919
546,-0.494206,-0.852432
547,-0.407099,-0.897243
548,-0.315979,-0.933181
549,-0.221747,-0.959892
550,-0.125335,-0.977113
551,-0.0276951,-0.984676
552,0.0702066,-0.982506
553,0.167403,-0.970627
554,0.262933,-0.949158
555,0.355854,-0.918312
556,0.445247,-0.878395
557,0.530229,-0.829802
558,0.609962,-0.773016
559,0.683658,-0.708598
560,0.75059,-0.637187
561,0.810098,-0.559488
562,0.861594,-0.476271
563,0.904571,-0.388357
564,0.938605,-0.296618
565,0.963362,-0.201959
566,0.978598,-0.105316
567,0.984163,-0.00764451
568,0.980006,0.0900906
569,0.966167,0.186924
570,0.942784,0.281898
571,0.910091,0.374076
572,0.868412,0.462548
573,0.818159,0.546439
574,0.759831,0.624922
575,0.694004,0.697222
576,0.62133,0.762627
577,0.542527,0.82049
578,0.458376,0.870242
579,0.369707,0.911392
580,0.277398,0.943534
581,0.182361,0.966354
582,0.0855344,0.979627
583,-0.0121248,0.983222
584,-0.109652,0.977107
585,-0.206084,0.961342
586,-0.300469,0.936085
587,-0.391874,0.901587
588,-0.479398,0.85819
589,-0.562177,0.806323
590,-0.639394,0.7465
591,-0.710287,0.679314
592,-0.774157,0.605427
593,-0.830374,0.525572
594,-0.878385,0.440538
595,-0.917717,0.351164
596,-0.947982,0.258334
597,-0.968883,0.162966
598,-0.980216,0.0660004
599,-0.981868,-0.0316042
600,-0.973827,-0.128884
601,-0.956172,-0.224879
602,-0.929079,-0.318642
603,-0.892817,-0.409246
604,-0.847746,-0.495799
605,-0.794312,-0.577446
606,-0.733043,-0.653381
607,-0.664545,-0.722857
608,-0.589497,-0.785188
609,-0.508639,-0.83976
610,-0.422771,-0.886036
611,-0.332741,-0.923559
612,-0.239438,-0.951962
613,-0.143784,-0.970964
614,-0.0467234,-0.98038
615,0.0507856,-0.980118
616,0.14778,-0.970182
617,0.243304,-0.950673
618,0.336414,-0.921783
619,0.426191,-0.883799
620,0.51175,-0.837099
621,0.592247,-0.782143
622,0.666889,-0.719475
623,0.734939,-0.649716
624,0.795728,-0.573554
625,0.848657,-0.491743
626,0.893203,-0.40509
627,0.92893,-0.314451
628,0.955486,-0.220721
629,0.97261,-0.124826
630,0.980135,-0.0277125
631,0.977987,0.0696616
632,0.966191,0.166335
633,0.944862,0.261355
634,0.914215,0.353783
635,0.874551,0.442708
636,0.826265,0.527253
637,0.769833,0.606584
638,0.705815,0.679921
639,0.634841,0.74654
640,0.557615,0.805785
641,0.474898,0.857073
642,0.387508,0.899899
643,0.296307,0.933842
644,0.202195,0.958568
645,0.106102,0.973836
646,0.00897591,0.979495
647,-0.0882256,0.975492
648,-0.184543,0.961868
649,-0.279028,0.938758
650,-0.370747,0.906392
651,-0.458797,0.86509
652,-0.542309,0.815262
653,-0.620461,0.757401
654,-0.692483,0.692077
655,-0.757666,0.619938
656,-0.815367,0.541694
657,-0.865019,0.458119
658,-0.906134,0.370038
659,-0.938307,0.27832
660,-0.961222,0.183871
661,-0.974656,0.0876213
662,-0.978477,-0.00947863
663,-0.972648,-0.106471
664,-0.95723,-0.202401
665,-0.932375,-0.296321
666,-0.898331,-0.387305
667,-0.855433,-0.474459
668,-0.804108,-0.556921
669,-0.744861,-0.633881
670,-0.67828,-0.704581
671,-0.60502,-0.768324
672,-0.525806,-0.824483
673,-0.441419,-0.872505
674,-0.352693,-0.911919
675,-0.260503,-0.942337
676,-0.165758,-0.963461
677,-0.0693919,-0.975085
678,0.0276441,-0.977094
679,0.124393,-0.969472
680,0.219903,-0.952294
681,0.313231,-0.925731
682,0.403457,-0.890048
683,0.489694,-0.845597
684,0.571092,-0.792817
685,0.646849,-0.732231
686,0.71622,-0.664436
687,0.778521,-0.590103
688,0.83314,-0.509965
689,0.879541,-0.424812
690,0.917266,-0.335485
691,0.945946,-0.242865
692,0.965299,-0.147865
693,0.975137,-0.0514219
694,0.975363,0.0455139
695,0.965978,0.141987
696,0.947075,0.237047
697,0.918843,0.329756
698,0.88156,0.419203
699,0.835597,0.504506
700,0.781407,0.584825
701,0.719525,0.659369
702,0.650563,0.727406
703,0.575202,0.788266
704,0.494184,0.84135
705,0.40831,0.886136
706,0.318425,0.922186
707,0.225417,0.949145
708,0.130202,0.966749
709,0.033719,0.974826
710,-0.0630821,0.973298
711,-0.159247,0.962183
712,-0.253829,0.94159
713,-0.345896,0.911725
714,-0.434542,0.872884
715,-0.518894,0.82545
716,-0.598122,0.769892
717,-0.671447,0.706759
718,-0.738146,0.636675
719,-0.797565,0.560329
720,-0.84912,0.478477
721,-0.892303,0.391924
722,-0.926691,0.301524
723,-0.951947,0.208169
724,-0.967824,0.112777
725,-0.974167,0.0162897
726,-0.970914,-0.0803435
727,-0.958101,-0.176171
728,-0.935854,-0.270248
729,-0.904395,-0.36165
730,-0.864034,-0.449476
731,-0.815171,-0.532863
732,-0.758288,-0.610989
733,-0.693948,-0.683087
734,-0.622784,-0.748448
735,-0.545499,-0.806429
736,-0.462855,-0.85646
737,-0.375666,-0.898051
738,-0.284792,-0.930793
739,-0.191129,-0.954366
740,-0.0955978,-0.968538
741,0.000859438,-0.973173
742,0.0972931,-0.968226
743,0.192754,-0.953748
744,0.286302,-0.929882
745,0.377017,-0.896866
746,0.464006,-0.855026
747,0.546414,-0.804775
748,0.623429,-0.746611
749,0.694296,-0.681105
750,0.758317,-0.608906
751,0.814864,-0.530724
752,0.86338,-0.447331
753,0.903391,-0.359548
754,0.934503,-0.268239
755,0.956413,-0.174305
756,0.968905,-0.0786708
757,0.97186,0.0177228
758,0.965248,0.113927
759,0.949138,0.208994
760,0.92369,0.301989
761,0.889155,0.391997
762,0.845875,0.478133
763,0.794278,0.55955
764,0.734873,0.635448
765,0.668245,0.705079
766,0.595053,0.767762
767,0.516017,0.822879
768,0.431916,0.86989
769,0.343578,0.908334
770,0.251874,0.937834
771,0.157707,0.958101
772,0.0620031,0.968938
773,-0.0342951,0.97024
774,-0.13024,0.961995
775,-0.224888,0.944287
776,-0.317309,0.917292
777,-0.406592,0.881276
778,-0.49186,0.836596
779,-0.572276,0.783693
780,-0.647049,0.723089
781,-0.715444,0.655381
782,-0.776789,0.581237
783,-0.830484,0.501388
784,-0.876,0.41662
785,-0.912891,0.327768
786,-0.940797,0.235706
787,-0.959444,0.141341
788,-0.96865,0.0456008
789,-0.968328,-0.0505717
790,-0.958481,-0.146231
791,-0.939209,-0.240436
792,-0.910702,-0.33226
793,-0.873244,-0.420802
794,-0.827203,-0.50519
795,-0.773034,-0.584595
796,-0.711272,-0.658238
797,-0.642526,-0.725396
798,-0.567472,-0.785408
799,-0.48685,-0.837687
800,-0.401455,-0.881719
801,-0.312125,-0.917073
802,-0.219742,-0.943403
803,-0.125213,-0.960453
804,-0.0294693,-0.968055
805,0.0665482,-0.966137
806,0.161895,-0.95472
807,0.255634,-0.933918
808,0.346844,-0.903936
809,0.434628,-0.865072
810,0.518124,-0.81771
811,0.596512,-0.762316
812,0.669021,-0.699437
813,0.734942,-0.629692
814,0.793625,-0.553768
815,0.844497,-0.472414
816,0.887058,-0.386429
817,0.920891,-0.29666
818,0.945666,-0.203991
819,0.961141,-0.109331
820,0.967165,-0.013614
821,0.963681,0.0822209
822,0.950726,0.177231
823,0.928427,0.270483
824,0.897007,0.36106
825,0.856776,0.448073
826,0.80813,0.530666
827,0.751551,0.60803
828,0.687594,0.679404
829,0.616891,0.744089
830,0.540138,0.801449
831,0.458089,0.850923
832,0.371553,0.892026
833,0.281381,0.924356
834,0.188459,0.947596
835,0.0937012,0.961521
836,-0.00196063,0.965994
837,-0.0975864,0.960974
838,-0.192237,0.946512
839,-0.284981,0.922751
840,-0.374909,0.889929
841,-0.461138,0.848367
842,-0.54282,0.798478
843,-0.619154,0.740751
844,-0.689392,0.675757
845,-0.752844,0.604135
846,-0.808889,0.526591
847,-0.856976,0.443886
848,-0.896636,0.356835
849,-0.927479,0.266294
850,-0.949206,0.173153
851,-0.961604,0.0783278
852,-0.964554,-0.0172503
853,-0.958027,-0.112642
854,-0.942091,-0.20691
855,-0.916904,-0.299129
856,-0.882714,-0.388393
857,-0.839861,-0.473825
858,-0.788765,-0.554589
859,-0.729931,-0.629891
860,-0.663938,-0.698992
861,-0.591436,-0.761216
862,-0.513138,-0.815952
863,-0.429814,-0.862664
864,-0.342284,-0.900895
865,-0.251409,-0.930272
866,-0.15808,-0.950507
867,-0.0632163,-0.961404
868,0.0322512,-0.962858
869,0.127385,-0.954856
870,0.22125,-0.937478
871,0.312926,-0.910898
872,0.401512,-0.875378
873,0.486139,-0.831268
874,0.565977,-0.779004
875,0.640244,-0.719101
876,0.70821,-0.652147
877,0.76921,-0.578803
878,0.822647,-0.499789
879,0.867996,-0.415882
880,0.904815,-0.327908
881,0.932744,-0.23673
882,0.951511,-0.143245
883,0.960932,-0.0483714
884,0.960918,0.0469601
885,0.951471,0.141813
886,0.932685,0.235256
887,0.904746,0.326373
888,0.867931,0.414268
889,0.822602,0.498081
890,0.769208,0.576989
891,0.708273,0.650219
892,0.640396,0.717053
893,0.566247,0.776835
894,0.486554,0.828982
895,0.402099,0.872983
896,0.313714,0.908407
897,0.222266,0.934908
898,0.128654,0.952229
899,0.0337972,0.960201
900,-0.0613739,0.958748
901,-0.155925,0.947886
902,-0.248928,0.927724
903,-0.33947,0.898461
904,-0.426664,0.860386
905,-0.509655,0.813876
906,-0.587629,0.759388
907,-0.659822,0.697458
908,-0.725526,0.628696
909,-0.784099,0.553778
910,-0.834967,0.473441
911,-0.877633,0.388473
912,-0.91168,0.29971
913,-0.936774,0.208023
914,-0.952673,0.114312
915,-0.959222,0.0194975
916,-0.956359,-0.0754901
917,-0.944113,-0.169719
918,-0.922608,-0.262265
919,-0.892055,-0.35222
920,-0.852757,-0.438702
921,-0.8051,-0.520865
922,-0.749555,-0.597902
923,-0.686668,-0.669059
924,-0.617057,-0.733639
925,-0.541406,-0.79101
926,-0.460459,-0.840611
927,-0.375011,-0.881957
928,-0.285901,-0.914644
929,-0.194005,-0.938353
930,-0.100223,-0.952854
931,-0.00547574,-0.958007
932,0.0893064,-0.953763
933,0.183194,-0.940165
934,0.275267,-0.917349
935,0.364623,-0.88554
936,0.450385,-0.845054
937,0.531714,-0.796287
938,0.607812,-0.739721
939,0.677935,-0.675913
940,0.741396,-0.605488
941,0.797574,-0.529139
942,0.845921,-0.447617
943,0.885963,-0.361721
944,0.91731,-0.272296
945,0.939656,-0.180218
946,0.952784,-0.0863905
947,0.956567,0.00826514
948,0.950971,0.102821
949,0.936052,0.19635
950,0.911959,0.287936
951,0.878929,0.376681
952,0.837288,0.461715
953,0.787448,0.542206
954,0.729897,0.617365
955,0.665202,0.686457
956,0.593999,0.748806
957,0.516987,0.803801
958,0.434922,0.850907
959,0.34861,0.889661
960,0.258898,0.919688
961,0.166667,0.940693
962,0.0728196,0.952473
963,-0.0217225,0.954915
964,-0.116033,0.947996
965,-0.209187,0.931788
966,-0.300272,0.906449
967,-0.388396,0.872232
968,-0.472695,0.829473
969,-0.552345,0.778592
970,-0.626566,0.720092
971,-0.694631,0.654546
972,-0.755875,0.582599
973,-0.809699,0.504957
974,-0.855577,0.422382
975,-0.893062,0.335684
976,-0.921787,0.245715
977,-0.941475,0.153356
978,-0.951932,0.0595131
979,-0.95306,-0.034894
980,-0.944849,-0.12894
981,-0.927382,-0.221703
982,-0.900832,-0.312276
983,-0.86546,-0.39977
984,-0.821617,-0.483329
985,-0.769732,-0.562136
986,-0.710317,-0.63542
987,-0.643954,-0.702463
988,-0.571297,-0.76261
989,-0.493057,-0.815274
990,-0.410003,-0.85994
991,-0.32295,-0.896173
992,-0.232751,-0.923619
993,-0.14029,-0.942012
994,-0.0464742,-0.951173
995,0.0477776,-0.951015
996,0.141542,-0.941541
997,0.233901,-0.922847
998,0.323949,-0.895117
999,0.410806,-0.858625
1000,0.493621,-0.813731
1001,0.571584,-0.760877
1002,0.643933,-0.700581
1003,0.70996,-0.633435
1004,0.76902,-0.560101
1005,0.820536,-0.481295
1006,0.864006,-0.397793
1007,0.899005,-0.310413
1008,0.925193,-0.22001
1009,0.942315,-0.127472
1010,0.950205,-0.0337055
1011,0.948789,0.0603718
1012,0.938083,0.153838
1013,0.918193,0.245779
1014,0.889316,0.335293
1015,0.851737,0.421506
1016,0.805827,0.503573
1017,0.752036,0.580693
1018,0.690893,0.65211
1019,0.622998,0.717128
1020,0.549018,0.775111
1021,0.469679,0.825493
1022,0.385758,0.867782
1023,0.298078,0.901567
1024,0.207498,0.926518
1025,0.114906,0.942393
1026,0.0212095,0.94904
1027,-0.0726752,0.946394
1028,-0.165829,0.934485
1029,-0.257339,0.913431
1030,-0.346311,0.883439
1031,-0.431873,0.844807
1032,-0.513191,0.797913
1033,-0.589467,0.743219
1034,-0.659958,0.681262
1035,-0.723974,0.612651
1036,-0.780891,0.538058
1037,-0.830152,0.458214
1038,-0.871278,0.373903
1039,-0.903868,0.285951
1040,-0.927604,0.195219
1041,-0.942258,0.102595
1042,-0.947687,0.00898825
1043,-0.94384,-0.0846867
1044,-0.930758,-0.177513
1045,-0.908571,-0.268582
1046,-0.877497,-0.357003
1047,-0.837843,-0.441911
1048,-0.79,-0.522477
1049,-0.734436,-0.597913
1050,-0.671698,-0.667482
1051,-0.602401,-0.730505
1052,-0.527226,-0.786366
1053,-0.446908,-0.834522
1054,-0.362234,-0.874502
1055,-0.274036,-0.905917
1056,-0.183175,-0.928462
1057,-0.090542,-0.941918
1058,0.00295646,-0.946156
1059,0.0964056,-0.941138
1060,0.188891,-0.926913
1061,0.279509,-0.903623
1062,0.367372,-0.871499
1063,0.451622,-0.830857
1064,0.531436,-0.782095
1065,0.606034,-0.725695
1066,0.674688,-0.662208
1067,0.736726,-0.592257
1068,0.791545,-0.516529
1069,0.83861,-0.435765
1070,0.877462,-0.350757
1071,0.907723,-0.262337
1072,0.929099,-0.171371
1073,0.941384,-0.0787488
1074,0.944458,0.0146231
1075,0.938296,0.107831
1076,0.922958,0.199964
1077,0.898598,0.290121
1078,0.865455,0.377421
1079,0.823856,0.46101
1080,0.77421,0.540073
1081,0.717004,0.613836
1082,0.652799,0.681581
1083,0.582226,0.742646
1084,0.505975,0.796435
1085,0.424793,0.842425
1086,0.339477,0.880167
1087,0.25086,0.909295
1088,0.15981,0.929526
1089,0.0672179,0.940664
1090,-0.0260105,0.942602
1091,-0.118964,0.935325
1092,-0.210733,0.918904
1093,-0.300421,0.893504
1094,-0.387152,0.859374
1095,-0.470079,0.816851
1096,-0.548391,0.766351
1097,-0.621325,0.708372
1098,-0.688169,0.643481
1099,-0.74827,0.572314
1100,-0.801043,0.495569
1101,-0.845975,0.413997
1102,-0.882626,0.328397
1103,-0.910643,0.239607
1104,-0.929752,0.148494
1105,-0.939769,0.0559512
1106,-0.940598,-0.0371176
1107,-0.932234,-0.129802
1108,-0.914761,-0.221198
1109,-0.888351,-0.31041
1110,-0.853266,-0.396568
1111,-0.809849,-0.478831
1112,-0.758528,-0.556396
1113,-0.699806,-0.628505
1114,-0.634259,-0.694456
1115,-0.562528,-0.753605
1116,-0.485317,-0.805377
1117,-0.403381,-0.849266
1118,-0.317523,-0.884847
1119,-0.228581,-0.911774
1120,-0.137427,-0.929785
1121,-0.0449504,-0.938707
1122,0.0479438,-0.938454
1123,0.140348,-0.929033
1124,0.23136,-0.910537
1125,0.32009,-0.883149
1126,0.405672,-0.847138
1127,0.487271,-0.80286
1128,0.564091,-0.750748
1129,0.635382,-0.691314
1130,0.700449,-0.62514
1131,0.758658,-0.552875
1132,0.809443,-0.475225
1133,0.852308,-0.392951
1134,0.886838,-0.306858
1135,0.912697,-0.217787
1136,0.929634,-0.12661
1137,0.937487,-0.0342169
1138,0.936181,0.0584884
1139,0.925731,0.150601
1140,0.906241,0.241221
1141,0.877905,0.329463
1142,0.841001,0.414467
1143,0.795891,0.495403
1144,0.74302,0.571482
1145,0.682904,0.641961
1146,0.616132,0.706154
1147,0.54336,0.763436
1148,0.465298,0.813249
1149,0.382711,0.855108
1150,0.296406,0.888607
1151,0.207227,0.913421
1152,0.116045,0.929309
1153,0.0237519,0.936119
1154,-0.0687513,0.933786
1155,-0.160561,0.922336
1156,-0.250782,0.901883
1157,-0.338532,0.872629
1158,-0.422956,0.834861
1159,-0.50323,0.788951
1160,-0.578573,0.735349
1161,-0.648248,0.674581
1162,-0.711578,0.607241
1163,-0.767945,0.533989
1164,-0.816802,0.455541
1165,-0.857674,0.372665
1166,-0.890162,0.28617
1167,-0.913953,0.196903
1168,-0.928817,0.105735
1169,-0.93461,0.0135562
1170,-0.931278,-0.0787324
1171,-0.918857,-0.17023
1172,-0.89747,-0.260045
1173,-0.867328,-0.347299
1174,-0.828727,-0.431142
1175,-0.782047,-0.510758
1176,-0.727745,-0.585368
1177,-0.666353,-0.654248
1178,-0.598472,-0.716725
1179,-0.524767,-0.772192
1180,-0.445959,-0.82011
1181,-0.362817,-0.860012
1182,-0.276154,-0.891511
1183,-0.186818,-0.914303
1184,-0.09568,-0.928167
1185,-0.00363061,-0.932969
1186,0.0884318,-0.928667
1187,0.179609,-0.915303
1188,0.269011,-0.893011
1189,0.355767,-0.86201
1190,0.43903,-0.822606
1191,0.517988,-0.775185
1192,0.591874,-0.720212
1193,0.659966,-0.658226
1194,0.721603,-0.589832
1195,0.776184,-0.5157
1196,0.823178,-0.436555
1197,0.862131,-0.353171
1198,0.892662,-0.266361
1199,0.914478,-0.176974
1200,0.927366,-0.0858824
1201,0.931205,0.00602445
1202,0.925959,0.0978499
1203,0.911681,0.188698
1204,0.888513,0.277683
1205,0.856684,0.363938
1206,0.816506,0.446621
1207,0.768374,0.524927
1208,0.712759,0.598094
1209,0.650205,0.665408
1210,0.581325,0.726216
1211,0.506792,0.779926
1212,0.427335,0.826015
1213,0.343729,0.864037
1214,0.256793,0.893622
1215,0.167373,0.914485
1216,0.076343,0.926424
1217,-0.0154087,0.929325
1218,-0.106987,0.923163
1219,-0.197499,0.907999
1220,-0.286063,0.883985
1221,-0.371815,0.851356
1222,-0.45392,0.810434
1223,-0.531578,0.761619
1224,-0.604033,0.70539
1225,-0.67058,0.642297
1226,-0.730572,0.572957
1227,-0.783425,0.498048
1228,-0.828627,0.418301
1229,-0.865738,0.334497
1230,-0.894399,0.247452
1231,-0.914333,0.158016
1232,-0.925347,0.0670625
1233,-0.927337,-0.024522
1234,-0.920287,-0.115844
1235,-0.904266,-0.206014
1236,-0.879433,-0.294153
1237,-0.846034,-0.379402
1238,-0.804396,-0.46093
1239,-0.754928,-0.537945
1240,-0.698113,-0.609697
1241,-0.634507,-0.675487
1242,-0.564733,-0.734676
1243,-0.489472,-0.786689
1244,-0.409459,-0.831021
1245,-0.325475,-0.867241
1246,-0.238341,-0.895
1247,-0.148905,-0.914028
1248,-0.0580417,-0.924144
1249,0.0333644,-0.925249
1250,0.124422,-0.917337
1251,0.214244,-0.900487
1252,0.301954,-0.874866
1253,0.3867,-0.840725
1254,0.467655,-0.7984
1255,0.544033,-0.748306
1256,0.615089,-0.690932
1257,0.680133,-0.62684
1258,0.738534,-0.556657
1259,0.789722,-0.481067
1260,0.833202,-0.400809
1261,0.868553,-0.316667
1262,0.895432,-0.229461
1263,0.913579,-0.140042
1264,0.92282,-0.0492811
1265,0.923068,0.0419362
1266,0.914323,0.132721
1267,0.896671,0.22219
1268,0.870289,0.309471
1269,0.835435,0.393714
1270,0.792451,0.474099
1271,0.741759,0.549846
1272,0.683853,0.620216
1273,0.619301,0.684526
1274,0.548733,0.742151
1275,0.472838,0.792532
1276,0.392357,0.835179
1277,0.308076,0.869681
1278,0.220815,0.895702
1279,0.131426,0.912992
1280,0.040781,0.921385
1281,-0.0502378,0.920801
1282,-0.140743,0.911249
1283,-0.229855,0.892825
1284,-0.316704,0.86571
1285,-0.400446,0.830171
1286,-0.480266,0.786556
1287,-0.555388,0.735292
1288,-0.625081,0.676882
1289,-0.688669,0.611895
1290,-0.745534,0.540966
1291,-0.795123,0.464789
1292,-0.836957,0.384105
1293,-0.87063,0.299702
1294,-0.895817,0.212404
1295,-0.912274,0.12306
1296,-0.919843,0.0325415
1297,-0.918455,-0.0582697
1298,-0.908124,-0.148489
1299,-0.888954,-0.23724
1300,-0.861134,-0.323656
1301,-0.824938,-0.406899
1302,-0.78072,-0.486158
1303,-0.728912,-0.560663
1304,-0.670023,-0.62969
1305,-0.604626,-0.692568
1306,-0.53336,-0.748687
1307,-0.456921,-0.797503
1308,-0.376055,-0.838543
1309,-0.291549,-0.871408
1310,-0.204229,-0.895783
1311,-0.114943,-0.911431
1312,-0.0245626,-0.918204
1313,0.0660326,-0.916037
1314,0.155961,-0.904954
1315,0.244347,-0.885066
1316,0.330331,-0.856569
1317,0.413077,-0.819743
1318,0.49178,-0.774948
1319,0.565676,-0.722623
1320,0.634047,-0.66328
1321,0.696229,-0.597497
1322,0.751618,-0.525918
1323,0.799677,-0.449239
1324,0.839942,-0.36821
1325,0.872022,-0.283619
1326,0.895607,-0.196291
1327,0.910471,-0.107076
1328,0.916471,-0.0168442
1329,0.913552,0.0735274
1330,0.901745,0.163159
1331,0.881166,0.251179
1332,0.85202,0.336731
1333,0.814591,0.418983
1334,0.769247,0.497136
1335,0.716431,0.570432
1336,0.656659,0.638157
1337,0.590514,0.699655
1338,0.518643,0.75433
1339,0.441745,0.801651
1340,0.360571,0.841161
1341,0.275912,0.872476
1342,0.188591,0.895296
1343,0.09946,0.9094
1344,0.00938581,0.914654
1345,-0.080755,0.911009
1346,-0.170086,0.898503
1347,-0.257737,0.877261
1348,-0.342858,0.847492
1349,-0.42462,0.809488
1350,-0.50223,0.76362
1351,-0.574933,0.710338
1352,-0.642025,0.650162
1353,-0.702854,0.583679
1354,-0.75683,0.511538
1355,-0.803431,0.434442
1356,-0.842205,0.353142
1357,-0.872778,0.26843
1358,-0.894855,0.181131
1359,-0.908223,0.0920943
1360,-0.912756,0.00218709
1361,-0.908411,-0.0877165
1362,-0.895234,-0.176742
1363,-0.873356,-0.264024
1364,-0.842991,-0.348715
1365,-0.804438,-0.429992
1366,-0.758074,-0.507064
1367,-0.704351,-0.579186
1368,-0.643795,-0.645655
1369,-0.576997,-0.705829
1370,-0.504607,-0.759123
1371,-0.427332,-0.805021
1372,-0.345923,-0.843081
1373,-0.261174,-0.872933
1374,-0.17391,-0.89429
1375,-0.0849792,-0.906948
1376,0.00475254,-0.910785
1377,0.0944129,-0.905766
1378,0.18313,-0.891945
1379,0.270043,-0.869456
1380,0.354306,-0.838523
1381,0.435101,-0.799447
1382,0.511644,-0.752611
1383,0.583192,-0.698473
1384,0.649052,-0.637561
1385,0.708585,-0.570469
1386,0.761213,-0.497852
1387,0.806428,-0.420416
1388,0.843793,-0.338916
1389,0.872947,-0.254146
1390,0.893608,-0.166929
1391,0.905578,-0.0781146
1392,0.908745,0.0114338
1393,0.903079,0.100846
1394,0.888639,0.189252
1395,0.865568,0.275794
1396,0.834091,0.359632
1397,0.794519,0.439951
1398,0.747237,0.515972
1399,0.692708,0.586958
1400,0.631463,0.652221
1401,0.5641,0.711127
1402,0.491276,0.763107
1403,0.413698,0.807657
1404,0.332124,0.844348
1405,0.247346,0.872824
1406,0.160189,0.892813
1407,0.0715001,0.904121
1408,-0.0178575,0.906643
1409,-0.107016,0.900356
1410,-0.195109,0.885323
1411,-0.281282,0.861695
1412,-0.364697,0.829702
1413,-0.444546,0.789658
1414,-0.520053,0.741955
1415,-0.590487,0.687059
1416,-0.655165,0.625505
1417,-0.71346,0.557892
1418,-0.764808,0.48488
1419,-0.808713,0.407179
1420,-0.84475,0.325546
1421,-0.872572,0.240774
1422,-0.891911,0.153689
1423,-0.902582,0.0651356
1424,-0.904483,-0.0240245
1425,-0.8976,-0.112925
1426,-0.882002,-0.200704
1427,-0.857842,-0.286508
1428,-0.825359,-0.369504
1429,-0.78487,-0.448888
1430,-0.73677,-0.52389
1431,-0.68153,-0.593783
1432,-0.619688,-0.657889
1433,-0.551847,-0.715589
1434,-0.478667,-0.766323
1435,-0.40086,-0.809601
1436,-0.319184,-0.845005
1437,-0.234432,-0.872195
1438,-0.147429,-0.890907
1439,-0.0590203,-0.900965
1440,0.0299359,-0.902272
1441,0.118575,-0.894818
1442,0.206038,-0.87868
1443,0.291474,-0.854015
1444,0.374056,-0.821066
1445,0.452982,-0.780157
1446,0.527487,-0.731685
1447,0.59685,-0.676125
1448,0.660398,-0.614018
1449,0.717517,-0.545968
1450,0.767654,-0.472639
1451,0.810325,-0.394743
1452,0.845118,-0.313039
1453,0.871697,-0.22832
1454,0.889807,-0.14141
1455,0.899276,-0.0531538
1456,0.900013,0.0355927
1457,0.892015,0.123967
1458,0.875361,0.211113
1459,0.850217,0.296184
1460,0.816829,0.378355
1461,0.775523,0.456829
1462,0.726703,0.530847
1463,0.670846,0.599691
1464,0.608494,0.662696
1465,0.540257,0.71925
1466,0.466797,0.768808
1467,0.388829,0.810891
1468,0.307111,0.845093
1469,0.222438,0.871084
1470,0.135632,0.888615
1471,0.0475353,0.897519
1472,-0.0409961,0.897711
1473,-0.129103,0.889193
1474,-0.215932,0.872051
1475,-0.300639,0.846452
1476,-0.382404,0.812649
1477,-0.460434,0.770972
1478,-0.533974,0.721828
1479,-0.602312,0.665695
1480,-0.664786,0.603121
1481,-0.720792,0.534716
1482,-0.769788,0.461143
1483,-0.811303,0.383119
1484,-0.844935,0.301402
1485,-0.87036,0.216786
1486,-0.887336,0.130093
1487,-0.895699,0.042164
1488,-0.895371,-0.0461474
1489,-0.886359,-0.133985
1490,-0.868753,-0.220496
1491,-0.842725,-0.304842
1492,-0.808532,-0.386206
1493,-0.766508,-0.4638
1494,-0.717062,-0.536872
1495,-0.660676,-0.604715
1496,-0.597901,-0.666673
1497,-0.529346,-0.722146
1498,-0.455678,-0.7706
1499,-0.377614,-0.811565
1500,-0.295912,-0.844648
1501,-0.211365,-0.869531
1502,-0.124794,-0.885974
1503,-0.0370391,-0.89382
1504,0.0510479,-0.892998
1505,0.138613,-0.883516
1506,0.224808,-0.865471
1507,0.308796,-0.839039
1508,0.389764,-0.80448
1509,0.466929,-0.762132
1510,0.539543,-0.712408
1511,0.606904,-0.655791
1512,0.66836,-0.592835
1513,0.723318,-0.524149
1514,0.771246,-0.450404
1515,0.811683,-0.372315
1516,0.844238,-0.29064
1517,0.868599,-0.206173
1518,0.884533,-0.119733
1519,0.891887,-0.0321595
1520,0.890594,0.0556991
1521,0.880668,0.142991
1522,0.862208,0.228869
1523,0.835397,0.312503
1524,0.800497,0.393082
1525,0.757849,0.469825
1526,0.707868,0.541992
1527,0.651042,0.608883
1528,0.587924,0.669852
1529,0.519128,0.72431
1530,0.445321,0.771731
1531,0.367222,0.811659
1532,0.285587,0.843708
1533,0.201211,0.86757
1534,0.114911,0.883018
1535,0.0275241,0.889904
1536,-0.0601022,0.888164
1537,-0.147119,0.877818
1538,-0.232683,0.85897
1539,-0.315965,0.831803
1540,-0.39616,0.796586
1541,-0.472492,0.75366
1542,-0.544221,0.703446
1543,-0.610655,0.646432
1544,-0.671152,0.583172
1545,-0.725127,0.514282
1546,-0.77206,0.44043
1547,-0.811498,0.362335
1548,-0.843061,0.280754
1549,-0.866448,0.196479
1550,-0.881433,0.110326
1551,-0.887874,0.023132
1552,-0.885712,-0.0642589
1553,-0.874971,-0.151
1554,-0.855757,-0.236251
1555,-0.82826,-0.319186
1556,-0.792748,-0.399004
1557,-0.749569,-0.474931
1558,-0.699143,-0.546234
1559,-0.641961,-0.612224
1560,-0.578578,-0.672263
1561,-0.509612,-0.725772
1562,-0.435732,-0.772235
1563,-0.357656,-0.811203
1564,-0.27614,-0.842303
1565,-0.191975,-0.865235
1566,-0.105978,-0.87978
1567,-0.0189817,-0.885801
1568,0.0681707,-0.883241
1569,0.154635,-0.872129
1570,0.239575,-0.852574
1571,0.322168,-0.82477
1572,0.401614,-0.788988
1573,0.477147,-0.745577
1574,0.548035,-0.69496
1575,0.613594,-0.637631
1576,0.67319,-0.574145
1577,0.72625,-0.505121
1578,0.77226,-0.431228
1579,0.810779,-0.353183
1580,0.841436,-0.271744
1581,0.863936,-0.1877
1582,0.878065,-0.101865
1583,0.883688,-0.0150721
1584,0.880754,0.0718392
1585,0.869295,0.158027
1586,0.849424,0.242658
1587,0.821336,0.324912
1588,0.785307,0.403995
1589,0.741687,0.479141
1590,0.690901,0.549625
1591,0.633444,0.614766
1592,0.569874,0.673936
1593,0.500808,0.726563
1594,0.426917,0.77214
1595,0.348918,0.810229
1596,0.267567,0.840464
1597,0.183653,0.862554
1598,0.0979875,0.876289
1599,0.0114019,0.881539
1600,-0.075266,0.878255
1601,-0.161178,0.866473
1602,-0.245501,0.846309
1603,-0.327422,0.817961
1604,-0.406148,0.781707
1605,-0.480917,0.737899
1606,-0.551009,0.686966
1607,-0.615745,0.629401
1608,-0.674503,0.565765
1609,-0.726714,0.496675
1610,-0.771877,0.422801
1611,-0.809556,0.34486
1612,-0.83939,0.263608
1613,-0.861093,0.179832
1614,-0.874457,0.0943433
1615,-0.879356,0.00796967
1616,-0.875746,-0.0784529
1617,-0.863664,-0.164088
1618,-0.843231,-0.248108
1619,-0.814646,-0.3297
1620,-0.77819,-0.408076
1621,-0.734217,-0.482478
1622,-0.683157,-0.552188
1623,-0.625504,-0.616534
1624,-0.561819,-0.674895
1625,-0.49272,-0.726708
1626,-0.418879,-0.771475
1627,-0.341009,-0.808764
1628,-0.259867,-0.838218
1629,-0.176238,-0.859555
1630,-0.0909316,-0.872571
1631,-0.00477396,-0.877143
1632,0.0814014,-0.87323
1633,0.166761,-0.860872
1634,0.25048,-0.840193
1635,0.331748,-0.811395
1636,0.409782,-0.774759
1637,0.483826,-0.730642
1638,0.553167,-0.679474
1639,0.617136,-0.621752
1640,0.675115,-0.558037
1641,0.726547,-0.488946
1642,0.770936,-0.41515
1643,0.807855,-0.337365
1644,0.836951,-0.256343
1645,0.857944,-0.172869
1646,0.870634,-0.0877511
1647,0.874902,-0.0018133
1648,0.870709,0.0841134
1649,0.858099,0.169198
1650,0.837197,0.252619
1651,0.808207,0.333569
1652,0.771414,0.411268
1653,0.727174,0.484964
1654,0.675919,0.553948
1655,0.618147,0.617553
1656,0.554419,0.675166
1657,0.485352,0.726234
1658,0.411616,0.770264
1659,0.333926,0.806833
1660,0.253034,0.835591
1661,0.169724,0.856261
1662,0.0848006,0.868649
1663,-0.000913818,0.872635
1664,-0.0865906,0.868186
1665,-0.171402,0.855347
1666,-0.254528,0.834245
1667,-0.335165,0.805086
1668,-0.412537,0.768157
1669,-0.485895,0.723815
1670,-0.554533,0.672494
1671,-0.617788,0.61469
1672,-0.675051,0.550965
1673,-0.725771,0.481938
1674,-0.769461,0.408276
1675,-0.805699,0.330694
1676,-0.83414,0.249942
1677,-0.854511,0.166802
1678,-0.866617,0.0820788
1679,-0.870346,-0.00340897
1680,-0.865663,-0.0888348
1681,-0.852617,-0.173373
1682,-0.831338,-0.256208
1683,-0.802033,-0.336539
1684,-0.764989,-0.413591
1685,-0.720567,-0.486621
1686,-0.669198,-0.554925
1687,-0.611381,-0.617844
1688,-0.547677,-0.674772
1689,-0.478703,-0.725162
1690,-0.405129,-0.76853
1691,-0.327666,-0.804458
1692,-0.247064,-0.832602
1693,-0.164102,-0.852694
1694,-0.0795843,-0.864542
1695,0.00567374,-0.868035
1696,0.0908478,-0.863141
1697,0.175115,-0.849912
1698,0.257662,-0.828478
1699,0.337692,-0.799049
1700,0.414433,-0.761912
1701,0.487145,-0.717429
1702,0.555126,-0.666031
1703,0.617723,-0.608219
1704,0.674332,-0.544553
1705,0.724409,-0.475649
1706,0.767473,-0.402175
1707,0.80311,-0.324842
1708,0.830979,-0.244399
1709,0.850814,-0.161623
1710,0.862425,-0.0773156
1711,0.865705,0.00770977
1712,0.860623,0.0926313
1713,0.847233,0.176629
1714,0.825666,0.258892
1715,0.796134,0.338627
1716,0.758926,0.415065
1717,0.714402,0.487468
1718,0.662996,0.55514
1719,0.605206,0.617428
1720,0.541593,0.673734
1721,0.472773,0.723515
1722,0.399413,0.766294
1723,0.322222,0.801659
1724,0.241947,0.829273
1725,0.159364,0.848872
1726,0.0752713,0.860269
1727,-0.00951872,0.863357
1728,-0.0941873,0.85811
1729,-0.177917,0.844581
1730,-0.2599,0.822904
1731,-0.339346,0.793291
1732,-0.415489,0.756031
1733,-0.487594,0.711487
1734,-0.554968,0.66009
1735,-0.616962,0.602341
1736,-0.672979,0.538798
1737,-0.722481,0.470076
1738,-0.764993,0.396842
1739,-0.800107,0.319804
1740,-0.827486,0.239706
1741,-0.84687,0.157322
1742,-0.858074,0.0734498
1743,-0.860993,-0.0111023
1744,-0.855603,-0.0955175
1745,-0.841957,-0.178981
1746,-0.820192,-0.260689
1747,-0.790519,-0.339852
1748,-0.753229,-0.415707
1749,-0.708684,-0.487525
1750,-0.657316,-0.554613
1751,-0.599624,-0.616326
1752,-0.536166,-0.67207
1753,-0.467558,-0.72131
1754,-0.394463,-0.763573
1755,-0.317587,-0.798455
1756,-0.237675,-0.82562
1757,-0.155498,-0.84481
1758,-0.0718496,-0.855843
1759,0.0124622,-0.858615
1760,0.0966238,-0.853103
1761,0.179823,-0.839363
1762,0.261259,-0.817531
1763,0.340145,-0.78782
1764,0.415722,-0.75052
1765,0.487262,-0.705993
1766,0.554076,-0.654672
1767,0.615522,-0.597054
1768,0.671009,-0.533698
1769,0.720004,-0.465217
1770,0.762037,-0.392273
1771,0.796705,-0.315571
1772,0.823676,-0.235853
1773,0.842694,-0.153888
1774,0.853577,-0.070469
1775,0.856224,0.0136002
1776,0.850613,0.0975081
1777,0.8368,0.180446
1778,0.814922,0.261613
1779,0.785193,0.340229
1780,0.747903,0.415536
1781,0.703415,0.486808
1782,0.652159,0.553361
1783,0.594632,0.614554
1784,0.531393,0.669798
1785,0.463052,0.718565
1786,0.390271,0.760385
1787,0.313753,0.794859
1788,0.234238,0.821656
1789,0.152493,0.840522
1790,0.0693064,0.851277
1791,-0.014518,0.85382
1792,-0.0981722,0.848131
1793,-0.18085,0.834267
1794,-0.261754,0.812365
1795,-0.340105,0.78264
1796,-0.41515,0.74538
1797,-0.486165,0.700948
1798,-0.552468,0.649775
1799,-0.613421,0.592357
1800,-0.668439,0.529249
1801,-0.716994,0.461063
1802,-0.75862,0.388457
1803,-0.792919,0.312134
1804,-0.819562,0.232829
1805,-0.838296,0.151309
1806,-0.848944,0.0683601
1807,-0.851405,-0.0152174
1808,-0.845659,-0.0986179
1809,-0.831766,-0.181038
1810,-0.809861,-0.261683
1811,-0.780159,-0.339776
1812,-0.742949,-0.414567
1813,-0.698593,-0.485335
1814,-0.647521,-0.5514
1815,-0.590227,-0.612128
1816,-0.527267,-0.666934
1817,-0.459249,-0.715294
1818,-0.38683,-0.756743
1819,-0.31071,-0.790885
1820,-0.231625,-0.817394
1821,-0.150336,-0.836018
1822,-0.0676284,-0.846579
1823,0.0157003,-0.848979
1824,0.0988472,-0.843199
1825,0.181011,-0.829296
1826,0.261401,-0.807409
1827,0.339243,-0.777751
1828,0.413788,-0.740611
1829,0.484319,-0.696349
1830,0.550159,-0.645395
1831,0.610674,-0.588243
1832,0.665284,-0.525445
1833,0.713465,-0.457608
1834,0.754755,-0.385388
1835,0.78876,-0.309482
1836,0.815154,-0.230623
1837,0.833687,-0.149572
1838,0.844182,-0.0671095
1839,0.846543,0.0159685
1840,0.840748,0.098862
1841,0.826858,0.180773
1842,0.80501,0.260912
1843,0.775416,0.338508
1844,0.738364,0.412816
1845,0.694216,0.48312
1846,0.643398,0.548746
1847,0.586402,0.609062
1848,0.523781,0.66349
1849,0.456139,0.711509
1850,0.384129,0.752658
1851,0.308447,0.786544
1852,0.229822,0.812843
1853,0.149014,0.831305
1854,0.0668016,0.841755
1855,-0.0160238,0.844097
1856,-0.098664,0.838309
1857,-0.180323,0.824453
1858,-0.260216,0.802663
1859,-0.337574,0.773153
1860,-0.411652,0.73621
1861,-0.481739,0.692192
1862,-0.547162,0.641527
1863,-0.607293,0.584705
1864,-0.661555,0.522275
1865,-0.709427,0.45484
1866,-0.750453,0.383052
1867,-0.784238,0.307603
1868,-0.810461,0.229221
1869,-0.828872,0.148663
1870,-0.839298,0.0667029
1871,-0.841641,-0.015868
1872,-0.835881,-0.0982552
1873,-0.822078,-0.179666
1874,-0.800368,-0.259316
1875,-0.770961,-0.33644
1876,-0.734146,-0.410298
1877,-0.690278,-0.480178
1878,-0.639783,-0.54541
1879,-0.583149,-0.605369
1880,-0.520925,-0.659479
1881,-0.453711,-0.707221
1882,-0.382155,-0.74814
1883,-0.306949,-0.781843
1884,-0.228818,-0.808009
1885,-0.148514,-0.82639
1886,-0.0668115,-0.836811
1887,0.0155032,-0.839176
1888,0.0976374,-0.833464
1889,0.178801,-0.819735
1890,0.258213,-0.798124
1891,0.335111,-0.768841
1892,0.408755,-0.732171
1893,0.478438,-0.688471
1894,0.543491,-0.638163
1895,0.603291,-0.581734
1896,0.657263,-0.51973
1897,0.704892,-0.452749
1898,0.74572,-0.381438
1899,0.779359,-0.306484
1900,0.805487,-0.22861
1901,0.823857,-0.148567
1902,0.834293,-0.0671254
1903,0.836701,0.0149311
1904,0.831058,0.0968126
1905,0.817423,0.177732
1906,0.795931,0.25691
1907,0.766791,0.333587
1908,0.730286,0.407026
1909,0.686771,0.476521
1910,0.636667,0.541407
1911,0.580458,0.60106
1912,0.518688,0.654909
1913,0.451953,0.702439
1914,0.380897,0.743195
1915,0.306205,0.776788
1916,0.228597,0.802897
1917,0.14882,0.821274
1918,0.0676429,0.831746
1919,-0.0141536,0.834216
1920,-0.0957825,0.828662
1921,-0.176459,0.815142
1922,-0.255407,0.793788
1923,-0.331869,0.764809
1924,-0.405111,0.728488
1925,-0.474428,0.685176
1926,-0.539157,0.635292
1927,-0.598677,0.579319
1928,-0.652418,0.517797
1929,-0.699865,0.451321
1930,-0.740565,0.380531
1931,-0.774129,0.306111
1932,-0.800237,0.228775
1933,-0.818641,0.149271
1934,-0.829169,0.0683619
1935,-0.83172,-0.0131728
1936,-0.826275,-0.0945492
1937,-0.812889,-0.174985
1938,-0.791694,-0.253708
1939,-0.762896,-0.329961
1940,-0.726776,-0.403012
1941,-0.683685,-0.472161
1942,-0.634038,-0.536745
1943,-0.578316,-0.596144
1944,-0.517057,-0.64979
1945,-0.450852,-0.69717
1946,-0.380339,-0.73783
1947,-0.306198,-0.771382
1948,-0.229144,-0.797508
1949,-0.149917,-0.815959
1950,-0.0692804,-0.82656
1951,0.0119905,-0.829214
1952,0.0931144,-0.823897
1953,0.173312,-0.810665
1954,0.251812,-0.789647
1955,0.327862,-0.76105
1956,0.400731,-0.72515
1957,0.469721,-0.682296
1958,0.53417,-0.632902
1959,0.593461,-0.577446
1960,0.647026,-0.516463
1961,0.694354,-0.450542
1962,0.73499,-0.380318
1963,0.768549,-0.306467
1964,0.79471,-0.2297
1965,0.813226,-0.150757
1966,0.823921,-0.0703964
1967,0.826696,0.0106088
1968,0.821527,0.0914801
1969,0.808468,0.171441
1970,0.787648,0.249723
1971,0.759268,0.325575
1972,0.723606,0.398269
1973,0.681007,0.467109
1974,0.631883,0.531434
1975,0.576708,0.590629
1976,0.516016,0.644127
1977,0.450391,0.691417
1978,0.380465,0.732047
1979,0.306913,0.765629
1980,0.230442,0.791844
1981,0.151788,0.810442
1982,0.0717079,0.82125
1983,-0.00902951,0.824165
1984,-0.0896481,0.819164
1985,-0.169374,0.806298
1986,-0.247441,0.785693
1987,-0.323101,0.757551
1988,-0.395627,0.722144
1989,-0.464326,0.679817
1990,-0.528538,0.630979
1991,-0.587649,0.5761
1992,-0.641094,0.515712
1993,-0.688361,0.450395
1994,-0.728999,0.38078
1995,-0.762621,0.307536
1996,-0.788907,0.231368
1997,-0.807608,0.153009
1998,-0.818546,0.0732127
1999,-0.821622,-0.00725476
2000,-0.816807,-0.0876204
2001,-0.804152,-0.167113
2002,-0.783782,-0.244968
2003,-0.755895,-0.320441
2004,-0.720762,-0.392808
2005,-0.678724,-0.461374
2006,-0.630187,-0.525483
2007,-0.57562,-0.584522
2008,-0.515549,-0.637926
2009,-0.450553,-0.685185
2010,-0.381258,-0.725847
2011,-0.308332,-0.759526
2012,-0.232475,-0.785901
2013,-0.154417,-0.804721
2014,-0.0749088,-0.815809
2015,0.00528655,-0.819063
2016,0.0853988,-0.814454
2017,0.164659,-0.80203
2018,0.242307,-0.781912
2019,0.317598,-0.754299
2020,0.38981,-0.719458
2021,0.458253,-0.677725
2022,0.522269,-0.629506
2023,0.581248,-0.575265
2024,0.634624,-0.515525
2025,0.681889,-0.450862
2026,0.722592,-0.381899
2027,0.756343,-0.309299
2028,0.782824,-0.233761
2029,0.801781,-0.15601
2030,0.813038,-0.076794
2031,0.816489,0.00312692
2032,0.812104,0.0829853
2033,0.799929,0.162015
2034,0.780083,0.239458
2035,0.752761,0.314572
2036,0.718229,0.386637
2037,0.676819,0.454964
2038,0.628933,0.518898
2039,0.575033,0.577827
2040,0.515638,0.631189
2041,0.451321,0.678474
2042,0.3827,0.719231
2043,0.310436,0.753072
2044,0.235224,0.779675
2045,0.157786,0.798788
2046,0.078866,0.810231
2047,-0.000777924,0.813897
2048,-0.0803818,0.809755
2049,-0.159182,0.797847
2050,-0.236423,0.778292
2051,-0.311365,0.75128
2052,-0.38329,0.717073
2053,-0.451509,0.676003
2054,-0.515369,0.628466
2055,-0.574261,0.574921
2056,-0.627621,0.515885
2057,-0.67494,0.451925
2058,-0.715766,0.383658
2059,-0.749712,0.311739
2060,-0.776454,0.236861
2061,-0.79574,0.159742
2062,-0.807387,0.0811227
2063,-0.811287,0.00175833
2064,-0.807406,-0.0775902
2065,-0.795784,-0.156162
2066,-0.776537,-0.233204
2067,-0.749852,-0.307978
2068,-0.715988,-0.379768
2069,-0.675274,-0.447887
2070,-0.628102,-0.511684
2071,-0.574927,-0.570549
2072,-0.516263,-0.623919
2073,-0.452673,-0.671285
2074,-0.38477,-0.712196
2075,-0.313206,-0.746263
2076,-0.238669,-0.773161
2077,-0.161875,-0.792636
2078,-0.0835619,-0.804504
2079,-0.00447974,-0.808656
2080,0.0746124,-0.805054
2081,0.152957,-0.793737
2082,0.229802,-0.774816
2083,0.304412,-0.748476
2084,0.376074,-0.714972
2085,0.444101,-0.67463
2086,0.507844,-0.627838
2087,0.566692,-0.575049
2088,0.620084,-0.516769
2089,0.667511,-0.453562
2090,0.708521,-0.386034
2091,0.742723,-0.314834
2092,0.769793,-0.240647
2093,0.789474,-0.164185
2094,0.801582,-0.0861811
2095,0.806003,-0.00738416
2096,0.802698,0.0714505
2097,0.791703,0.149567
2098,0.773126,0.226218
2099,0.747148,0.30067
2100,0.714022,0.372209
2101,0.674068,0.440151
2102,0.627672,0.503847
2103,0.575282,0.56269
2104,0.517402,0.616116
2105,0.454589,0.663616
2106,0.387447,0.704739
2107,0.316621,0.739092
2108,0.242791,0.76635
2109,0.166667,0.786254
2110,0.088978,0.798618
2111,0.0104694,0.803326
2112,-0.0681064,0.800336
2113,-0.145997,0.78968
2114,-0.222455,0.771465
2115,-0.296751,0.745867
2116,-0.368172,0.713135
2117,-0.436037,0.673586
2118,-0.499696,0.627601
2119,-0.558543,0.575625
2120,-0.612014,0.518157
2121,-0.659601,0.455751
2122,-0.70085,0.389006
2123,-0.735369,0.318563
2124,-0.76283,0.2451
2125,-0.782974,0.16932
2126,-0.795611,0.0919504
2127,-0.800623,0.0137333
2128,-0.797965,-0.0645821
2129,-0.787667,-0.142246
2130,-0.76983,-0.218514
2131,-0.744629,-0.292657
2132,-0.712308,-0.363967
2133,-0.67318,-0.431761
2134,-0.627622,-0.495391
2135,-0.576074,-0.554251
2136,-0.519032,-0.607779
2137,-0.457045,-0.655464
2138,-0.390708,-0.696853
2139,-0.320659,-0.731552
2140,-0.247569,-0.759233
2141,-0.17214,-0.779632
2142,-0.0950956,-0.792558
2143,-0.0171736,-0.797891
2144,0.0608796,-0.795583
2145,0.138316,-0.78566
2146,0.214396,-0.768219
2147,0.288391,-0.743432
2148,0.359593,-0.711538
2149,0.427322,-0.672847
2150,0.490932,-0.627732
2151,0.549815,-0.576627
2152,0.603409,-0.520024
2153,0.651205,-0.458468
2154,0.692748,-0.392551
2155,0.727641,-0.322904
2156,0.755555,-0.250197
2157,0.776226,-0.175126
2158,0.789458,-0.0984113
2159,0.795129,-0.020788
2160,0.793188,0.0570009
2161,0.783657,0.134211
2162,0.766629,0.210103
2163,0.742273,0.283951
2164,0.710823,0.355051
2165,0.672585,0.422722
2166,0.627927,0.486318
2167,0.577279,0.545234
2168,0.52113,0.598906
2169,0.460018,0.646824
2170,0.39453,0.688533
2171,0.325296,0.723635
2172,0.25298,0.751797
2173,0.178274,0.772755
2174,0.101895,0.786309
2175,0.0245742,0.792335
2176,-0.0529482,0.790777
2177,-0.12993,0.781654
2178,-0.205636,0.765057
2179,-0.279341,0.741148
2180,-0.350342,0.710159
2181,-0.417961,0.672389
2182,-0.481551,0.628204
2183,-0.540508,0.578028
2184,-0.594268,0.522345
2185,-0.64232,0.461689
2186,-0.684207,0.396644
2187,-0.719531,0.327832
2188,-0.747957,0.255915
2189,-0.769216,0.181582
2190,-0.783109,0.105544
2191,-0.789505,0.0285298
2192,-0.788347,-0.0487235
2193,-0.77965,-0.125477
2194,-0.7635,-0.200997
2195,-0.740055,-0.274562
2196,-0.709542,-0.345468
2197,-0.672257,-0.41304
2198,-0.62856,-0.476631
2199,-0.57887,-0.535637
2200,-0.523667,-0.589495
2201,-0.46348,-0.637692
2202,-0.398888,-0.67977
2203,-0.330509,-0.715329
2204,-0.259,-0.744032
2205,-0.185046,-0.765608
2206,-0.109356,-0.779854
2207,-0.0326525,-0.786637
2208,0.044329,-0.785896
2209,0.120853,-0.777641
2210,0.196187,-0.761954
2211,0.269613,-0.73899
2212,0.340429,-0.70897
2213,0.407959,-0.672186
2214,0.471558,-0.628991
2215,0.530622,-0.579802
2216,0.584586,-0.525092
2217,0.632939,-0.465387
2218,0.675219,-0.401259
2219,0.711026,-0.333323
2220,0.740021,-0.262232
2221,0.761928,-0.188665
2222,0.776543,-0.113327
2223,0.783729,-0.0369399
2224,0.78342,0.0397668
2225,0.775624,0.116059
2226,0.760417,0.191209
2227,0.737949,0.264498
2228,0.708439,0.335226
2229,0.67217,0.402718
2230,0.629494,0.466332
2231,0.58082,0.525461
2232,0.526617,0.579542
2233,0.467406,0.62806
2234,0.403754,0.670555
2235,0.336272,0.706622
2236,0.265606,0.735921
2237,0.192435,0.758175
2238,0.117456,0.773174
2239,0.0413894,0.780777
2240,-0.0350392,0.780917
2241,-0.111099,0.773595
2242,-0.186063,0.758885
2243,-0.259216,0.73693
2244,-0.329859,0.707944
2245,-0.39732,0.672207
2246,-0.460954,0.630064
2247,-0.520155,0.58192
2248,-0.574361,0.528238
2249,-0.623055,0.469533
2250,-0.665775,0.406369
2251,-0.702115,0.339351
2252,-0.731732,0.269121
2253,-0.754345,0.196352
2254,-0.769743,0.12174
2255,-0.77778,0.0459985
2256,-0.778384,-0.0301483
2257,-0.771553,-0.105973
2258,-0.757355,-0.180751
2259,-0.735929,-0.253769
2260,-0.707483,-0.324331
2261,-0.672294,-0.391763
2262,-0.630698,-0.455422
2263,-0.583098,-0.514704
2264,-0.52995,-0.569042
2265,-0.471765,-0.617922
2266,-0.4091,-0.660878
2267,-0.342557,-0.697503
2268,-0.272772,-0.727451
2269,-0.200414,-0.750437
2270,-0.126175,-0.766248
2271,-0.0507646,-0.774733
2272,0.0250965,-0.775817
2273,0.100684,-0.769492
2274,0.175275,-0.755822
2275,0.248159,-0.734941
2276,0.318641,-0.707052
2277,0.386048,-0.672425
2278,0.449739,-0.631393
2279,0.509106,-0.58435
2280,0.563586,-0.531751
2281,0.61266,-0.474098
2282,0.655863,-0.411945
2283,0.692784,-0.345887
2284,0.723075,-0.276557
2285,0.746449,-0.204618
2286,0.762686,-0.130759
2287,0.771635,-0.0556851
2288,0.773213,0.0198862
2289,0.76741,0.0952332
2290,0.754284,0.169637
2291,0.733963,0.242387
2292,0.706646,0.312791
2293,0.672597,0.380177
2294,0.632143,0.443903
2295,0.585673,0.503363
2296,0.533635,0.557991
2297,0.476527,0.607269
2298,0.414898,0.650728
2299,0.349336,0.687957
2300,0.280471,0.718603
2301,0.208961,0.742376
2302,0.135489,0.759054
2303,0.0607572,0.768481
2304,-0.0145197,0.770569
2305,-0.0896235,0.765303
2306,-0.163838,0.752736
2307,-0.236454,0.732992
2308,-0.306781,0.706262
2309,-0.374148,0.672806
2310,-0.437915,0.632945
2311,-0.497473,0.587062
2312,-0.552257,0.5356
2313,-0.601747,0.47905
2314,-0.645472,0.417956
2315,-0.683019,0.352902
2316,-0.714032,0.284512
2317,-0.738218,0.213438
2318,-0.755351,0.140361
2319,-0.765269,0.0659783
2320,-0.767881,-0.0089994
2321,-0.763167,-0.0838566
2322,-0.751175,-0.157879
2323,-0.732022,-0.230362
2324,-0.705896,-0.300613
2325,-0.673047,-0.367964
2326,-0.633794,-0.431774
2327,-0.588513,-0.491436
2328,-0.53764,-0.546383
2329,-0.481662,-0.596093
2330,-0.421115,-0.640094
2331,-0.356581,-0.677969
2332,-0.288675,-0.70936
2333,-0.218047,-0.733972
2334,-0.145373,-0.751571
2335,-0.0713453,-0.761995
2336,0.00332792,-0.765146
2337,0.0779347,-0.760999
2338,0.151764,-0.749596
2339,0.224111,-0.731051
2340,0.294287,-0.705542
2341,0.361625,-0.673317
2342,0.425482,-0.634686
2343,0.485253,-0.590021
2344,0.540368,-0.539751
2345,0.590305,-0.484358
2346,0.634591,-0.424372
2347,0.672805,-0.360367
2348,0.704585,-0.292957
2349,0.729634,-0.222784
2350,0.747713,-0.150521
2351,0.758656,-0.0768555
2352,0.76236,-0.0024922
2353,0.758795,0.0718601
2354,0.747997,0.145492
2355,0.730073,0.217703
2356,0.705197,0.287805
2357,0.673611,0.35513
2358,0.635617,0.419038
2359,0.591583,0.478922
2360,0.54193,0.534212
2361,0.487134,0.584384
2362,0.427721,0.628962
2363,0.364258,0.667524
2364,0.297353,0.699705
2365,0.227646,0.725202
2366,0.155801,0.743774
2367,0.0825059,0.755249
2368,0.00845835,0.75952
2369,-0.0656349,0.75655
2370,-0.139068,0.746371
2371,-0.211141,0.729084
2372,-0.281167,0.704857
2373,-0.348481,0.673924
2374,-0.412443,0.636583
2375,-0.472443,0.593193
2376,-0.527914,0.544171
2377,-0.578327,0.489986
2378,-0.623206,0.431158
2379,-0.662125,0.368249
2380,-0.694716,0.301861
2381,-0.720673,0.232629
2382,-0.73975,0.161212
2383,-0.75177,0.0882933
2384,-0.756621,0.0145678
2385,-0.754261,-0.0592616
2386,-0.744716,-0.132491
2387,-0.728081,-0.204424
2388,-0.704516,-0.274375
2389,-0.674251,-0.341679
2390,-0.637577,-0.405696
2391,-0.594846,-0.465817
2392,-0.546469,-0.521472
2393,-0.492909,-0.572134
2394,-0.434679,-0.617321
2395,-0.372336,-0.656606
2396,-0.306476,-0.689617
2397,-0.237728,-0.716044
2398,-0.166749,-0.735638
2399,-0.0942147,-0.748216
2400,-0.0208178,-0.75366
2401,0.0527425,-0.751924
2402,0.125765,-0.743027
2403,0.197555,-0.727058
2404,0.26743,-0.704171
2405,0.334724,-0.674589
2406,0.398797,-0.638596
2407,0.459043,-0.596539
2408,0.514888,-0.548821
2409,0.565802,-0.495899
2410,0.611305,-0.43828
2411,0.650964,-0.376515
2412,0.684405,-0.311194
2413,0.711313,-0.242942
2414,0.731435,-0.172408
2415,0.744582,-0.100267
2416,0.750634,-0.0272054
2417,0.749535,0.04608
2418,0.7413,0.118892
2419,0.726011,0.190536
2420,0.703816,0.260332
2421,0.674932,0.327616
2422,0.639635,0.391748
2423,0.598266,0.45212
2424,0.551221,0.508158
2425,0.498951,0.559332
2426,0.441956,0.605156
2427,0.380781,0.645198
2428,0.316011,0.679077
2429,0.248264,0.706477
2430,0.178186,0.727137
2431,0.106446,0.740867
2432,0.0337277,0.747537
2433,-0.0392768,0.747089
2434,-0.111872,0.73953
2435,-0.183368,0.724935
2436,-0.253083,0.703447
2437,-0.320357,0.675275
2438,-0.384548,0.640689
2439,-0.445049,0.600022
2440,-0.501284,0.553665
2441,-0.552722,0.50206
2442,-0.598874,0.445702
2443,-0.639305,0.38513
2444,-0.673632,0.320923
2445,-0.701532,0.253692
2446,-0.722742,0.18408
2447,-0.737065,0.11275
2448,-0.744367,0.0403818
2449,-0.744582,-0.0323355
2450,-0.737712,-0.10471
2451,-0.723826,-0.176052
2452,-0.703059,-0.245685
2453,-0.675614,-0.312947
2454,-0.641753,-0.377198
2455,-0.601803,-0.437829
2456,-0.556146,-0.494264
2457,-0.505221,-0.54597
2458,-0.449514,-0.592456
2459,-0.389557,-0.633283
2460,-0.325924,-0.668066
2461,-0.259221,-0.696475
2462,-0.190085,-0.718246
2463,-0.119174,-0.733173
2464,-0.0471644,-0.741118
2465,0.0252587,-0.74201
2466,0.0974062,-0.735842
2467,0.168592,-0.722679
2468,0.238139,-0.702647
2469,0.305387,-0.675942
2470,0.369697,-0.642821
2471,0.430459,-0.603602
2472,0.487098,-0.558661
2473,0.539076,-0.508429
2474,0.585901,-0.453386
2475,0.627131,-0.394058
2476,0.662376,-0.331011
2477,0.691305,-0.264847
2478,0.713645,-0.196197
2479,0.729187,-0.125715
2480,0.737788,-0.0540725
2481,0.739368,0.0180493
2482,0.733916,0.089964
2483,0.721489,0.160988
2484,0.702206,0.230446
2485,0.676256,0.297678
2486,0.643889,0.362047
2487,0.605415,0.422941
2488,0.561204,0.479785
2489,0.511679,0.532038
2490,0.457313,0.579207
2491,0.398627,0.620846
2492,0.336179,0.656561
2493,0.270566,0.686017
2494,0.202413,0.708936
2495,0.13237,0.725104
2496,0.0611026,0.734371
2497,-0.0107102,0.736652
2498,-0.0823855,0.731929
2499,-0.153242,0.72025
2500,-0.222607,0.701731
2501,-0.289821,0.67655
2502,-0.354248,0.644951
2503,-0.415274,0.607237
2504,-0.472324,0.56377
2505,-0.524855,0.514966
2506,-0.572372,0.461292
2507,-0.614425,0.403259
2508,-0.650618,0.341423
2509,-0.680609,0.276373
2510,-0.704116,0.208728
2511,-0.72092,0.139134
2512,-0.730864,0.0682514
2513,-0.733858,-0.00324422
2514,-0.729876,-0.0746733
2515,-0.718959,-0.145357
2516,-0.701216,-0.214625
2517,-0.676819,-0.281818
2518,-0.646002,-0.3463
2519,-0.609062,-0.407458
2520,-0.566353,-0.464715
2521,-0.518284,-0.517527
2522,-0.465315,-0.565396
2523,-0.407951,-0.607868
2524,-0.346739,-0.644544
2525,-0.282263,-0.675077
2526,-0.215139,-0.699181
2527,-0.146003,-0.716631
2528,-0.0755153,-0.727263
2529,-0.00434541,-0.73098
2530,0.0668301,-0.727751
2531,0.137335,-0.71761
2532,0.2065,-0.700657
2533,0.273668,-0.677057
2534,0.338204,-0.647036
2535,0.399493,-0.610885
2536,0.456958,-0.568948
2537,0.510053,-0.521629
2538,0.558276,-0.469378
2539,0.601172,-0.412695
2540,0.638337,-0.352121
2541,0.669419,-0.288233
2542,0.694128,-0.221639
2543,0.712232,-0.152974
2544,0.723563,-0.0828909
2545,0.728015,-0.0120555
2546,0.725551,0.0588586
2547,0.716198,0.129178
2548,0.700048,0.198235
2549,0.677259,0.265375
2550,0.648049,0.32996
2551,0.612699,0.39138
2552,0.57155,0.449052
2553,0.524994,0.50243
2554,0.473476,0.551011
2555,0.417488,0.594335
2556,0.357565,0.631994
2557,0.294277,0.663632
2558,0.228227,0.688954
2559,0.160043,0.707721
2560,0.0903742,0.71976
2561,0.0198829,0.724958
2562,-0.0507615,0.723271
2563,-0.120888,0.714718
2564,-0.189831,0.699384
2565,-0.256937,0.677419
2566,-0.32157,0.649033
2567,-0.383117,0.6145
2568,-0.440996,0.574152
2569,-0.494659,0.528373
2570,-0.5436,0.477603
2571,-0.587355,0.422324
2572,-0.625512,0.363065
2573,-0.657713,0.30039
2574,-0.683655,0.234895
2575,-0.703094,0.167205
2576,-0.715849,0.0979616
2577,-0.721804,0.027824
2578,-0.720905,-0.0425419
2579,-0.713165,-0.112468
2580,-0.69866,-0.181291
2581,-0.677531,-0.248359
2582,-0.649984,-0.313035
2583,-0.616282,-0.374707
2584,-0.576749,-0.432791
2585,-0.531762,-0.486739
2586,-0.481753,-0.536041
2587,-0.427198,-0.58023
2588,-0.368616,-0.618891
2589,-0.306567,-0.651659
2590,-0.241641,-0.678227
2591,-0.174456,-0.698345
2592,-0.105649,-0.711828
2593,-0.0358754,-0.718549
2594,0.0342029,-0.718449
2595,0.103921,-0.711533
2596,0.172616,-0.697869
2597,0.239639,-0.677591
2598,0.304354,-0.650895
2599,0.366148,-0.618038
2600,0.424437,-0.579334
2601,0.478669,-0.535155
2602,0.528332,-0.485921
2603,0.572958,-0.432103
2604,0.612126,-0.374213
2605,0.645466,-0.312804
2606,0.672667,-0.248459
2607,0.693473,-0.181791
2608,0.70769,-0.113432
2609,0.715188,-0.0440334
2610,0.715897,0.0257475
2611,0.709817,0.0952481
2612,0.697007,0.163809
2613,0.677592,0.230782
2614,0.651762,0.29553
2615,0.619763,0.357443
2616,0.581903,0.415933
2617,0.538544,0.470448
2618,0.490101,0.520474
2619,0.437034,0.565538
2620,0.379851,0.605215
2621,0.319095,0.639133
2622,0.255344,0.666972
2623,0.189206,0.688472
2624,0.121308,0.703433
2625,0.0522942,0.711715
2626,-0.0171791,0.713245
2627,-0.0864535,0.708011
2628,-0.154872,0.696067
2629,-0.221787,0.677529
2630,-0.286564,0.652577
2631,-0.34859,0.621451
2632,-0.407279,0.584449
2633,-0.462076,0.541926
2634,-0.512464,0.494286
2635,-0.557967,0.441986
2636,-0.598157,0.385523
2637,-0.632656,0.325434
2638,-0.661139,0.262292
2639,-0.68334,0.196696
2640,-0.699051,0.12927
2641,-0.708128,0.060654
2642,-0.710488,-0.00850122
2643,-0.706112,-0.0775397
2644,-0.695045,-0.145807
2645,-0.677396,-0.212657
2646,-0.653336,-0.277456
2647,-0.623096,-0.339591
2648,-0.586966,-0.398476
2649,-0.545292,-0.453552
2650,-0.498472,-0.504302
2651,-0.446952,-0.550245
2652,-0.391224,-0.590949
2653,-0.331817,-0.626032
2654,-0.269296,-0.655164
2655,-0.204257,-0.678071
2656,-0.137316,-0.694541
2657,-0.0691087,-0.704421
2658,-0.000282699,-0.70762
2659,0.0685098,-0.704112
2660,0.136617,-0.693935
2661,0.203394,-0.677187
2662,0.268208,-0.654031
2663,0.330447,-0.624691
2664,0.389523,-0.589448
2665,0.444876,-0.548638
2666,0.495986,-0.502651
2667,0.542369,-0.451927
2668,0.58359,-0.396948
2669,0.619259,-0.338237
2670,0.649044,-0.276352
2671,0.672663,-0.211883
2672,0.689898,-0.14544
2673,0.700589,-0.0776542
2674,0.704637,-0.00916892
2675,0.702008,0.059367
2676,0.69273,0.127304
2677,0.676896,0.194
2678,0.654658,0.258822
2679,0.626231,0.321159
2680,0.591888,0.380421
2681,0.551956,0.436048
2682,0.506818,0.487515
2683,0.456904,0.534338
2684,0.402689,0.576075
2685,0.344688,0.612335
2686,0.283455,0.642775
2687,0.219569,0.667112
2688,0.153637,0.685119
2689,0.0862861,0.696627
2690,0.0181536,0.701533
2691,-0.0501146,0.699792
2692,-0.117872,0.691426
2693,-0.184477,0.676517
2694,-0.2493,0.655209
2695,-0.311728,0.627709
2696,-0.37117,0.59428
2697,-0.427067,0.555241
2698,-0.47889,0.510966
2699,-0.526151,0.461877
2700,-0.568405,0.408441
2701,-0.605255,0.351166
2702,-0.636356,0.290597
2703,-0.661414,0.22731
2704,-0.680198,0.161904
2705,-0.692532,0.0950001
2706,-0.698303,0.0272327
2707,-0.697461,-0.0407561
2708,-0.690016,-0.108323
2709,-0.676044,-0.174828
2710,-0.655679,-0.239642
2711,-0.629119,-0.302154
2712,-0.596618,-0.361772
2713,-0.558487,-0.417933
2714,-0.515089,-0.470108
2715,-0.46684,-0.517806
2716,-0.414198,-0.560577
2717,-0.357664,-0.598019
2718,-0.297775,-0.629782
2719,-0.2351,-0.655566
2720,-0.170234,-0.675132
2721,-0.103791,-0.688298
2722,-0.0364022,-0.694943
2723,0.0312952,-0.695008
2724,0.09866,-0.688496
2725,0.165055,-0.675471
2726,0.229852,-0.656062
2727,0.292439,-0.630454
2728,0.352226,-0.598895
2729,0.408647,-0.561685
2730,0.46117,-0.519181
2731,0.509302,-0.471787
2732,0.552589,-0.419954
2733,0.590624,-0.364176
2734,0.62305,-0.304982
2735,0.649564,-0.242935
2736,0.669917,-0.178623
2737,0.683922,-0.112655
2738,0.691448,-0.0456578
2739,0.692429,0.0217355
2740,0.686858,0.0888868
2741,0.674793,0.155161
2742,0.65635,0.219931
2743,0.631709,0.282586
2744,0.601105,0.342533
2745,0.564831,0.399208
2746,0.523234,0.452076
2747,0.47671,0.500638
2748,0.425702,0.544439
2749,0.370696,0.583067
2750,0.312213,0.616158
2751,0.250808,0.643404
2752,0.187065,0.664549
2753,0.121587,0.679397
2754,0.054995,0.687812
2755,-0.0120811,0.689717
2756,-0.0790065,0.685098
2757,-0.145148,0.674002
2758,-0.209881,0.656539
2759,-0.272594,0.632875
2760,-0.332695,0.60324
2761,-0.389617,0.567917
2762,-0.442824,0.527242
2763,-0.491814,0.481604
2764,-0.536127,0.431436
2765,-0.575346,0.377217
2766,-0.609103,0.31946
2767,-0.637083,0.258714
2768,-0.659024,0.195555
2769,-0.674721,0.130582
2770,-0.684031,0.0644092
2771,-0.686868,-0.0023361
2772,-0.68321,-0.0690228
2773,-0.673094,-0.13502
2774,-0.656621,-0.199705
2775,-0.633948,-0.262467
2776,-0.605296,-0.322713
2777,-0.570936,-0.379875
2778,-0.531198,-0.433414
2779,-0.486461,-0.482828
2780,-0.437149,-0.527649
2781,-0.383733,-0.567459
2782,-0.326718,-0.601883
2783,-0.266646,-0.630598
2784,-0.204087,-0.653337
2785,-0.139634,-0.669889
2786,-0.0738956,-0.680099
2787,-0.00749532,-0.683876
2788,0.0589393,-0.681187
2789,0.12478,-0.672062
2790,0.189406,-0.65659
2791,0.252206,-0.634921
2792,0.312587,-0.607263
2793,0.369981,-0.573882
2794,0.423848,-0.535096
2795,0.473679,-0.491274
2796,0.519006,-0.442835
2797,0.559404,-0.390237
2798,0.594493,-0.33398
2799,0.623946,-0.274599
2800,0.647486,-0.212656
2801,0.664895,-0.148738
2802,0.676013,-0.0834494
2803,0.680736,-0.0174087
2804,0.679025,0.04876
2805,0.6709,0.114431
2806,0.65644,0.178985
2807,0.635786,0.241812
2808,0.609137,0.30232
2809,0.576748,0.359938
2810,0.538928,0.414124
2811,0.496038,0.464367
2812,0.448485,0.510196
2813,0.396723,0.551179
2814,0.341241,0.586933
2815,0.282567,0.617123
2816,0.221256,0.641466
2817,0.157889,0.659737
2818,0.0930655,0.671766
2819,0.0273994,0.677443
2820,-0.038489,0.676718
2821,-0.103977,0.669601
2822,-0.168447,0.656164
2823,-0.23129,0.636538
2824,-0.291913,0.61091
2825,-0.349746,0.579527
2826,-0.404243,0.542688
2827,-0.454892,0.500744
2828,-0.501217,0.454095
2829,-0.542783,0.403183
2830,-0.5792,0.348493
2831,-0.610126,0.290542
2832,-0.635274,0.229879
2833,-0.65441,0.16708
2834,-0.667355,0.102739
2835,-0.673991,0.0374627
2836,-0.674259,-0.0281305
2837,-0.668161,-0.0934213
2838,-0.655757,-0.157794
2839,-0.637169,-0.22064
2840,-0.612575,-0.281368
2841,-0.582211,-0.339405
2842,-0.546368,-0.394206
2843,-0.505386,-0.445254
2844,-0.459656,-0.492069
2845,-0.409612,-0.534213
2846,-0.355729,-0.57129
2847,-0.298518,-0.602954
2848,-0.238522,-0.628907
2849,-0.176307,-0.648909
2850,-0.112463,-0.662774
2851,-0.0475935,-0.670375
2852,0.017689,-0.671644
2853,0.0827677,-0.666572
2854,0.147029,-0.655211
2855,0.209866,-0.637673
2856,0.270686,-0.614125
2857,0.328918,-0.584794
2858,0.384012,-0.549961
2859,0.435451,-0.509956
2860,0.482752,-0.465161
2861,0.525469,-0.416001
2862,0.563204,-0.362943
2863,0.595601,-0.30649
2864,0.62236,-0.247176
2865,0.643231,-0.185563
2866,0.658019,-0.122234
2867,0.66659,-0.0577868
2868,0.668866,0.00716901
2869,0.664829,0.0720205
2870,0.654521,0.136156
2871,0.638043,0.19897
2872,0.615554,0.259871
2873,0.587269,0.318286
2874,0.55346,0.373664
2875,0.514447,0.425486
2876,0.470603,0.473264
2877,0.422344,0.516549
2878,0.370128,0.554937
2879,0.314449,0.588068
2880,0.255836,0.615631
2881,0.194842,0.637372
2882,0.132045,0.653087
2883,0.0680373,0.662632
2884,0.00342452,0.665921
2885,-0.0611838,0.662926
2886,-0.125178,0.65368
2887,-0.187956,0.638273
2888,-0.248924,0.616854
2889,-0.30751,0.589629
2890,-0.363162,0.556857
2891,-0.415357,0.518852
2892,-0.463605,0.475975
2893,-0.507452,0.428634
2894,-0.546489,0.377276
2895,-0.580349,0.32239
2896,-0.608717,0.264494
2897,-0.631327,0.204137
2898,-0.647971,0.14189
2899,-0.658495,0.0783393
2900,-0.662802,0.0140866
2901,-0.660857,-0.0502622
2902,-0.652681,-0.1141
2903,-0.638355,-0.176826
2904,-0.618018,-0.237848
2905,-0.591865,-0.296593
2906,-0.560146,-0.352507
2907,-0.523164,-0.405066
2908,-0.48127,-0.453775
2909,-0.434862,-0.498178
2910,-0.384381,-0.537858
2911,-0.330304,-0.572444
2912,-0.273145,-0.601614
2913,-0.213443,-0.625094
2914,-0.151763,-0.642669
2915,-0.0886873,-0.654174
2916,-0.0248121,-0.659505
2917,0.0392603,-0.658616
2918,0.102926,-0.651519
2919,0.165584,-0.638284
2920,0.226646,-0.61904
2921,0.285536,-0.593972
2922,0.341701,-0.563319
2923,0.394612,-0.527374
2924,0.443774,-0.486479
2925,0.488724,-0.441022
2926,0.529042,-0.391434
2927,0.56435,-0.338185
2928,0.594319,-0.28178
2929,0.618669,-0.222751
2930,0.637175,-0.161657
2931,0.649664,-0.0990752
2932,0.656024,-0.0355955
2933,0.656198,0.0281831
2934,0.650187,0.0916592
2935,0.638053,0.154235
2936,0.619913,0.215321
2937,0.595942,0.274343
2938,0.566368,0.330745
2939,0.531476,0.383998
2940,0.491595,0.433602
2941,0.447105,0.479091
2942,0.398428,0.52004
2943,0.346026,0.556066
2944,0.290393,0.586831
2945,0.232056,0.612049
2946,0.171567,0.631486
2947,0.109497,0.644962
2948,0.0464312,0.652354
2949,-0.0170355,0.653596
2950,-0.0803049,0.648679
2951,-0.142781,0.637654
2952,-0.203876,0.620629
2953,-0.263014,0.597767
2954,-0.319641,0.569287
2955,-0.373224,0.535461
2956,-0.423259,0.49661
2957,-0.469279,0.453105
2958,-0.510852,0.405356
2959,-0.547588,0.353818
2960,-0.579145,0.298976
2961,-0.605229,0.241351
2962,-0.625598,0.181486
2963,-0.640062,0.119947
2964,-0.648489,0.0573135
2965,-0.650804,-0.00582298
2966,-0.646989,-0.0688677
2967,-0.637082,-0.131227
2968,-0.621181,-0.192314
2969,-0.59944,-0.251555
2970,-0.572067,-0.308391
2971,-0.539322,-0.362291
2972,-0.501517,-0.412747
2973,-0.459013,-0.459287
2974,-0.41221,-0.501475
2975,-0.361554,-0.538916
2976,-0.307523,-0.571261
2977,-0.250628,-0.598208
2978,-0.191406,-0.619507
2979,-0.130417,-0.63496
2980,-0.0682362,-0.644425
2981,-0.00544907,-0.647818
2982,0.0573526,-0.64511
2983,0.119577,-0.63633
2984,0.18064,-0.621564
2985,0.239966,-0.600955
2986,0.296998,-0.5747
2987,0.351201,-0.543051
2988,0.402065,-0.506308
2989,0.449115,-0.464821
2990,0.49191,-0.418982
2991,0.530049,-0.369227
2992,0.563175,-0.316025
2993,0.590982,-0.25988
2994,0.613209,-0.201321
2995,0.629651,-0.140903
2996,0.640157,-0.0791933
2997,0.644632,-0.0167749
2998,0.643037,0.0457646
2999,0.63539,0.107836
